"name","category","start_time","duration","runners","host","id"
"Dogurai","Bones - Any% — PC","2020-08-19 11:32:00","00:25:08","FelinoAlbino","DoctorBobtastic",65
"EAT GIRL","Any% — PC","2020-08-19 12:10:00","00:09:51","touhoe","AnEternalEnigma",64
"One Step From Eden","Neutral Selicy Seedless Normal — PC","2020-08-19 15:32:00","00:15:54","Risch","YoBGS",70
"Mario & Luigi: Paper Jam","Any% — 3DS","2020-08-19 16:37:00","00:57:19","GigaDB","YoBGS",72
"The Legend of Zelda: Link's Awakening","Warpless — GB","2020-08-19 17:53:00","00:52:22","mghtymth","YoBGS",73
"Sonic 3 & Knuckles","All Emeralds (Sonic) — Wii VC","2020-08-20 00:45:00","01:03:49","TheSoundDefense","LattMackey",92953
"Sonic Heroes","Team Sonic vs Team Chaotix — Wii","2020-08-20 02:09:00","00:47:43","CriticalCyd","LattMackey",79
"Bonus Game 3 - Resident Evil 3: Remake (2020)","New Game Standard — PC","2020-08-20 03:16:00","00:52:55","MikeWave","AnEternalEnigma",80
"Devil May Cry 4: Special Edition","NG Nero/Dante Devil Hunter — PC","2020-08-20 04:35:00","01:15:38","Mekarazium","Bobby Blackwolf",81
"Pacify","2 Player 100% — PC","2020-08-20 06:30:00","00:04:46","Metro72, YourAverageWhiteChick","LLK",82
"Rocko's Quest","Any% — PC","2020-08-20 10:05:00","00:15:39","NoseJones","Ezmar",89
"Homey D. Clown","Any% — DOS","2020-08-20 10:32:00","00:09:51","corndan","Ezmar",90
"Little Big Adventure 2","Any% — PC","2020-08-20 11:01:00","00:29:18","janglestorm","Ezmar",91
"ALF","Any% — SMS","2020-08-20 11:40:00","00:06:24","Starbird","hugewitches",92
"El Matador","Any% — PC","2020-08-20 11:58:00","00:17:25","catalystz","hugewitches",93
"Asghan: The Dragon Slayer","Any% — PC","2020-08-20 12:21:00","00:32:34","havrd","hugewitches",94
"DOOM 64 (2020) - Lost Levels","Be Gentle Speed — PC","2020-08-20 16:14:00","00:12:12","ZELLLOOO","Pythonicus",99
"Star Wars: Jedi Knight - Dark Forces II","Any% — PC","2020-08-20 16:37:00","00:32:23","Alnak","SamWithoutAPlan",100
"Blood","Any% One Unit Whole (No Episode Warp) — PC","2020-08-20 17:13:00","00:20:21","Psych0sis","SamWithoutAPlan",101
"Doom 3","Any% — PC","2020-08-20 17:56:00","01:08:30","ripchip_","SamWithoutAPlan",102
"Bonus Game 4 - Half-Life: Alyx","Any% No Spin — PC","2020-08-21 02:27:11","00:31:16","Buffet Time","musical_daredevil",107
"DOOM Eternal","Any% No Major Glitches (Nightmare Difficulty) — PC","2020-08-21 03:38:00","01:30:55","BloodShot9001","Mr. Game & Shout",108
"Pokémon FireRed/LeafGreen","Any% Glitchless Race — GBA","2020-08-22 01:07:00","02:26:18","JP_Xinnam, PulseEffect","DoctorBobtastic",132
"Final Fantasy VII Remake","Any% Normal — PS4","2020-08-22 06:04:00","06:06:56","Boring_Borin","cartridgeblowers, SakuraTsubasa",135
"Ketsui: Kizuna Jigoku Tachi","2 Loop (Ura) — PS4","2020-08-22 13:37:00","00:45:10","Moglar5k","Baidol",137
"Grand Theft Auto: Vice City","All Missions — PC","2020-08-22 17:19:00","02:19:28","KZ_FREW","Doctor No",140
"Super Smash Bros. 64","Break the Target, All Characters Blindfolded — N64","2020-08-22 20:00:00","00:08:29","Bubzia","Squint",141
"Bloodborne","All Bosses — PS4","2020-08-22 22:25:00","01:17:15","Ahady","French Toast",144
"Bonus Game 6 - Minecraft","Any% Random Seed Glitchless (1.7) — PC","2020-08-23 00:22:00","00:41:35","Illumina","YoBGS",145
"Pokémon Shield","Any% (Shield) — Switch","2020-08-23 01:47:00","05:25:00","eddaket","Nichole Goodnight, YoBGS",146
"Kid Icarus","Any% — NES","2020-08-17 16:20:00","00:21:58","fruitbatsalad","Skybilz",24
"Power Blade","Any% Expert — NES","2020-08-17 16:59:00","00:16:11","NeoKad","Skybilz",43386
"Zelda II: The Adventure of Link","Reverse Boss Order — NES","2020-08-17 17:38:00","00:50:59","EnchantressOfNumbers","Skybilz",25
"The Elder Scrolls IV: Oblivion","No Out of Bounds — PC","2020-08-17 18:42:00","00:36:44","sandyX","musical_daredevil",26
"The Witcher 3: Wild Hunt","Any% Old Patch — PC","2020-08-17 19:36:44","02:09:42","Kaadzik","musical_daredevil",27
"Batman: Arkham City","Any% (Easy) — PC","2020-08-17 21:53:26","01:07:31","ShikenNuggets","iggyzig",28
"Valley","Any% — PC","2020-08-17 23:14:00","00:15:10","TheRedSock","iggyzig",29
"Dandara: Trials of Fear","Any% — PC","2020-08-17 23:54:00","00:32:19","PoleCats","iggyzig",30
"Portal","Glitchless — PC","2020-08-18 00:47:00","00:16:07","Shizzal","iggyzig",31
"Portal 2","All Main Courses — PC","2020-08-18 01:22:00","00:33:28","AJ, betsruner","iggyzig",32
"The Talos Principle","All Sigils — PC","2020-08-18 02:10:00","00:47:39","Azorae","Brutal_Melo",33
"Superliminal","Any% Warpless — PC","2020-08-18 03:14:00","00:18:25","Crisper","Brutal_Melo",34
"Hollow Knight","Any% No Major Glitches race — PC","2020-08-18 03:49:00","00:42:12","Pestilentbox2, fireb0rn","Brutal_Melo",35
"Bonus Game 1 - Ori and the Will of the Wisps","Any% Easy, No Out of Bounds — PC","2020-08-18 04:51:00","00:35:50","sickynar","Mr. Game & Shout",36
"Gunvolt Chronicles: Luminous Avenger iX","Any% — PC","2020-08-18 06:03:00","00:34:17","Benja","Mr. Game & Shout",37
"Yono and the Celestial Elephants","No Major Skips — PC","2020-08-18 06:45:00","00:15:34","Bullets","Mr. Game & Shout",38
"Alien: Isolation","All Missions, Nightmare, No CC — PC","2020-08-18 07:23:00","02:39:09","Drayux","THEKyleThomas",39
"Silent Hill: Homecoming","All Bosses NG+ — Xbox One","2020-08-18 10:24:00","00:59:00","shmumbler","Ecdycis",40
"Alone in the Dark","Any% — DOS","2020-08-18 11:43:00","00:09:57","PlasticRainbow","AnEternalEnigma",41
"Quest 64","US Any% — N64","2020-08-18 12:02:00","01:44:56","Bingchang","AnEternalEnigma",42
"The Lion King","Any% Difficult — Genesis","2020-08-18 14:04:00","00:16:50","eight","Lizstar",60633
"Castle of Illusion Starring Mickey Mouse","Any% Normal — Genesis","2020-08-18 14:26:00","00:18:23","Paulsaltine","Lizstar",44
"Pulseman","Glitchless — Genesis","2020-08-18 14:52:00","00:38:06","d4gr0n","Lizstar",45
"Super Turrican","Hard — SNES","2020-08-18 15:38:00","00:10:08","d4gr0n","Lizstar",46
"Donkey Kong Country 2","Warpless — SNES","2020-08-18 16:00:00","00:51:28","Tonkotsu","Lizstar",47
"Tony Hawk's Underground","Any% Beginner — PC","2020-08-18 21:29:00","00:36:26","Biglaw","Nichole Goodnight",54
"Trackmania Nations Forever","All Tracks (No E05) — PC","2020-08-18 22:22:00","01:06:52","Wirtual","Nichole Goodnight",55
"The Legend of Zelda: Twilight Princess HD","Any% — Wii U","2020-08-18 23:49:52","03:22:06","gymnast86","Kungfufruitcup",56
"Bonus Game 2 - Mario Kart 8 Deluxe","48 Tracks Relay — Nintendo Switch","2020-08-19 03:31:00","01:25:57","Amber, jacob, Pianist15","PlanetGhost",57
"Splatoon","NG+ — Wii U","2020-08-19 05:14:00","00:57:11","Kingj0444","PlanetGhost",58
"Kemono Heroes","Beat the Game (Hard Difficulty) — Switch","2020-08-19 12:31:00","00:32:13","GreenZSaber","DoctorBobtastic",61678
"Demon's Souls","Any% — PS3","2020-08-16 16:28:00","00:51:42","BertoPlease","Squint",1
"Streets of Rage 4","Arcade Mania - Blaze — PC","2020-08-16 17:54:00","00:53:19","Mike Uyama","LattMackey",2
"Rayman Legends","Any% — PC","2020-08-16 19:26:00","01:30:24","DepressingChild","LattMackey",3
"ICO","Any% PS2 PAL — PS2","2020-08-16 21:25:00","01:13:12","Beuchi","SamWithoutAPlan",4
"Shovel Knight: King of Cards","Any% — PC","2020-08-16 23:02:00","00:31:36","davidtki","SamWithoutAPlan",5
"Tony Hawk's Pro Skater 2x","All Goals and Golds (All Career) — PC","2020-08-17 00:00:00","00:32:08","ThePackle","SamWithoutAPlan",6
"DUSK","Any% Out of Bounds — PC","2020-08-17 00:56:00","00:18:18","B.G.B.","cartridgeblowers",7
"Metal Gear Solid","Any% Extreme — PSTV","2020-08-17 01:36:00","01:00:01","plywood","cartridgeblowers",8
"Secret of Mana","Any% 1 player 1 controller — SNES","2020-08-17 03:15:00","02:49:52","Crow!","THEKyleThomas",9
"Millennium Racer","Amateur Championship — PC","2020-08-17 06:56:00","00:39:54","Fireman","AnEternalEnigma",10
"Amnesia: The Dark Descent","Any% (Quit-Outs Allowed) — PC","2020-08-17 07:56:00","00:30:22","bloodthunder","AnEternalEnigma",11
"Silhouette Mirage","Any% JP — Saturn","2020-08-17 08:34:00","00:43:04","kariohki","AnEternalEnigma",12
"Keio Flying Squadron 2","Beat the Game — Saturn","2020-08-17 09:25:00","00:35:04","Mee","AnEternalEnigma",13
"Kirby & The Amazing Mirror","100% — GBA","2020-08-17 10:07:00","01:12:03","swordsmankirby","Ezmar",14
"Jimmy Neutron vs. Jimmy Negatron","Any% — PC","2020-08-17 11:30:00","00:13:36","culinwino","Ezmar",15
"Rabi-Ribi","(Casual) 10 Town Members. — PC","2020-08-17 11:58:00","00:28:18","IIvgmII","Ezmar",16
"Adventures of Lolo 2","Any% — NES","2020-08-17 12:39:00","00:28:47","rayeo","Ezmar",17
"New Ghostbusters II","Any% — NES","2020-08-17 13:27:00","00:21:25","MadMegaX381","Baidol",19
"Gravity Trooper - Metal Storm","No Wrong Warp — NES","2020-08-17 14:03:00","00:13:04","MadMegaX381","Baidol",20
"Chicken of the Farm","100% — NES","2020-08-17 14:26:00","00:09:35","Xarnax42","Ezmar",18
"Micro Mages","Any% — NES","2020-08-17 14:52:00","00:19:41","WhiteHat94","Baidol",21
"Legacy of the Wizard","Any% — NES","2020-08-17 15:20:00","00:21:11","Dragondarch","Baidol",22
"Saint Hazel's Horsepital","Any% — PC","2020-08-20 08:32:00","00:22:22","Bullets","LLK",86
"Billy Hatcher and the Giant Egg","Any% — Gamecube","2020-08-20 14:18:00","01:08:58","Kyrrone","Pythonicus",97
"Crypt of the NecroDancer: AMPLIFIED","Coda All Zones — PC","2020-08-22 03:49:00","00:14:53","SpootyBiscuit","marphoria",133
"Bonus Game 5 - Pump It Up!","Showcase — Arcade Cabinet (PIU LX Model)","2020-08-22 04:39:00","01:03:31","happyf333tz","marphoria",134
"Touhou 09.5 - Shoot the Bullet","All Scenes — PC","2020-08-22 12:31:00","00:57:17","pingval","Baidol",136
"DoDonPachi Saidaioujou","High Score Showcase — Xbox 360","2020-08-22 14:40:00","00:29:29","kayar*","Brutal_Melo",138
"Super Metroid","100% — SNES","2020-08-22 15:40:00","01:16:48","ShinyZeni","Brutal_Melo",139
"TASBot plays Super Mario 64 Shindou","Any% BLJless by MKDasher, dar gos, Snark, & more — N64","2020-08-22 20:28:00","00:07:36","dwangoAC, TASBot, taters","Squint",142
"Super Mario Odyssey","World Peace — Switch","2020-08-22 20:51:00","01:14:47","Dangers","Squint",143
"Demon's Crest","100% — SNES","2020-08-18 17:01:00","00:45:34","Z4T0X","Pythonicus",48
"Castlevania II: Belmont's Revenge","Any% — GB","2020-08-18 17:59:00","00:29:01","Tinnue","Pythonicus",49
"Bloodstained: Curse of the Moon","Low% — PC","2020-08-18 18:40:00","00:41:08","Starwin","Pythonicus",50
"Bloodstained: Ritual of the Night","Zangetsu Any% (NMG) — PC","2020-08-18 19:35:00","00:22:53","The Blacktastic","Nichole Goodnight",51
"Jet Set Radio","Any% — PC","2020-08-18 20:09:00","00:37:08","kitcarsonn","Nichole Goodnight",52
"Disney's Extreme Skate Adventure","Any% — Gamecube","2020-08-18 20:55:00","00:15:47","Helix","Nichole Goodnight",53
"Ratchet & Clank: Up Your Arsenal","NG+ No Quit Exploit — PS3","2020-08-19 06:28:00","00:30:16","Xem","PlanetGhost",59
"DeadCore","No Major Glitches: Speedrun% — PC","2020-08-19 07:21:00","00:30:02","imawakka","Prolix",60
"Darksiders Genesis","Any% — PC","2020-08-19 08:02:00","00:59:07","Sunnymuffin","Prolix",61
"BioShock Infinite","Any% (HRH-Mod) — PC","2020-08-19 09:08:00","01:47:09","bloodthunder","Ecdycis",62
"Gunman Clive","Clive - Easy — PC","2020-08-19 11:07:00","00:15:14","FCRacer","AnEternalEnigma",63
"Kousoku Kaitenzushi","All Stages — PC","2020-08-19 13:13:00","00:06:04","Cisco147","DoctorBobtastic",67
"Metal Gear: Ghost Babel","Very Hard — GBC","2020-08-19 13:37:00","01:19:53","plywood","DoctorBobtastic",68
"Neon Boost","Any%- Lights on, 1.2 — PC","2020-08-19 15:04:00","00:09:20","kykystas","DoctorBobtastic",69
"Virtual Boy Wario Land","100% — VB","2020-08-19 16:04:00","00:23:29","swordsmankirby","YoBGS",71611
"The Last of Us","Grounded mode, Glitchless, New Game — PS4","2020-08-19 18:57:00","02:53:43","AnthonyCaliber","marphoria",74
"Freedom Planet","Carol Any% (Classic Mode) — PC","2020-08-19 22:20:00","00:44:55","Revolucion","Lizstar",75
"Sonic the Hedgehog","Beat The Game Glitchless — Genesis","2020-08-19 23:28:00","00:23:12","t0uchan","Lizstar",76
"Sonic the Hedgehog 2","Sonic - Beat the game — Genesis","2020-08-20 00:04:00","00:24:14","Joeybaby69","Lizstar",77
"Night Trap","Best Ending — PS4","2020-08-20 06:48:00","00:29:01","Ecdycis","LLK",83
"Pringles: The Video Game","All As — Genesis","2020-08-20 07:34:00","00:03:45","SecksWrecks","LLK",84
"Hypnospace Outlaw","Any% (All Cases) — PC","2020-08-20 07:59:00","00:18:33","Lizstar","LLK",85
"Ribbit King","All Courses — Wii","2020-08-20 09:08:00","00:18:58","Dakitteh","Ezmar",87
"Streets of Fury EX","Any% - Ruby Diamonds — PC","2020-08-20 09:34:00","00:23:11","SCXCR","Ezmar",88
"Baldur's Gate: Enhanced Edition","Legacy of Bhaal% (current patch) — PC","2020-08-20 13:02:00","00:24:53","SeriouslySurly","hugewitches",95
"The Simpsons Arcade Game","Any% Normal (JP) — PS3","2020-08-20 13:51:00","00:20:33","LRock617","Pythonicus",96
"DOOM 64 (2020)","Be Gentle Speed — PC","2020-08-20 15:34:00","00:37:37","ZELLLOOO","Pythonicus",98
"Warframe","Boss showcase — PC","2020-08-20 19:21:26","00:20:49","KrusKader","SakuraTsubasa",103
"Mega Man 9","Any% Race — Wii","2020-08-20 19:57:43","00:34:24","Slurpeeninja, HJA","SakuraTsubasa",104
"Yakuza Kiwami 2","Any% — PC","2020-08-20 20:52:22","01:52:52","Froob","LLK",105
"The Legend of Zelda: Ocarina of Time","Randomizer Co-op — N64","2020-08-20 23:17:11","03:01:47","Raikaru, WoodenBarrel","musical_daredevil",106
"Call of Duty: Modern Warfare 2","Any% — PC","2020-08-21 05:27:00","01:27:06","Klooger","PlanetGhost",109
"We Happy Few","We All Fall Down — PC","2020-08-21 07:00:00","00:24:55","DemonicRobots","PlanetGhost",110
"Miami Vice","Any% — PC","2020-08-21 07:38:00","00:24:10","KZ_FREW","ButteredN00dles",111
"Valdis Story: Abyssal City","Any% — PC","2020-08-21 08:10:00","00:25:44","RiskyCB","ButteredN00dles",112
"Star Wars: Knights of the Old Republic","Any% — PC","2020-08-21 08:47:00","00:43:12","ChaosDrifter","Prolix",113
"Elevator Action Returns","1CC — Saturn","2020-08-21 09:40:00","00:17:02","The Opponent","Prolix",114
"Terminator: SkyNET","Any% — DOS","2020-08-21 10:08:00","00:17:56","tbcr","Prolix",115
"Hello Neighbor","PC Any% — PC","2020-08-21 10:36:00","00:15:47","smythe","Prolix",116
"Quest for Glory I: So You Want To Be A Hero","100% Route Bid War — PC","2020-08-21 11:05:00","00:25:20","davidtki","Prolix",117
"Contra ReBirth","Normal — Wii","2020-08-21 11:48:00","00:13:56","WhiteHat94","Kungfufruitcup",118
"Puzzle Bobble 2","Puzzle — Switch","2020-08-21 12:12:00","00:13:00","poshi","Kungfufruitcup",119
"A Short Hike","All Gold Feathers (No S+Q) — PC","2020-08-21 12:33:00","00:10:06","warm_ham","Kungfufruitcup",120
"Baba Is You","True Ending — PC","2020-08-21 12:52:00","00:22:39","Punchy","Kungfufruitcup",121
"Sly Cooper and the Thievius Raccoonus","Any% — PS2","2020-08-21 13:24:00","00:46:43","Zenthrow","Kungfufruitcup",122
"Kingdom Hearts II Final Mix","Lvl 1 Data Organization RTA — PS4","2020-08-21 14:27:00","00:21:26","CrispyMe","Kungfufruitcup",123
"Super Hark Bros","100% Race — SNES","2020-08-21 15:16:00","00:23:07","UghRochester, SuperBen, papanug","Doctor No",124
"Mario vs. Donkey Kong","Any%+ — Wii U VC","2020-08-21 15:54:00","01:15:33","ViolinGamer","Doctor No",125
"Super Monkey Ball 2","Story Mode All Levels — Wii","2020-08-21 17:31:00","00:30:32","PetresInc","Doctor No",126
"Super Mario Bros.","Warpless Race — NES","2020-08-21 18:20:00","00:21:05","SuperSonic71087, Kosmic, GTAce99","Skybilz",127
"Super Mario Bros.: The Lost Levels","Warpless D-4 (Mario) — SNES","2020-08-21 18:53:00","00:43:08","SuperSonic71087, Kosmic, Picante, GTAce99","Skybilz",128
"Horizon Zero Dawn","TFW NG+ Ultra Hard — PS4","2020-08-21 19:57:00","00:44:22","Elkjaer","iggyzig",129
"Metroid Fusion","1% hard race — GBA","2020-08-21 21:17:00","01:29:02","HerculesBenchpress, CScottyW","iggyzig",130
"The Legend of Zelda: Breath of the Wild","All Dog Treasures — Switch","2020-08-21 23:12:00","01:28:15","Limcube","hugewitches",131
