"name","category","start_time","duration","runners","host","id"
"Devil May Cry 5: Special Edition","New Game Vergil Devil Hunter — PS5","2021-07-06 02:46:00","01:05:38","TheScruffington","TempestMask1000",53037
"Tomb Raider: Anniversary","Any% No Bug Jump — PC","2021-07-08 12:50:00","00:26:25","Pursky","frozenflygone",93
"Ristar","Any% Race — Genesis","2021-07-08 13:38:00","00:29:07","chronoon, Lizstar, ShimeGabriel, Haram_Scaram","frozenflygone",94
"Sonic 3D Blast","Beat the Game 2 Players 1 Controller with TGH — Wii VC","2021-07-08 16:51:00","00:29:33","TGH, AmberCyprian","Argick",98
"Sonic Adventure 2: Battle","Hero Story vs Dark Story Bidwar — PC","2021-07-08 17:36:00","00:32:04","Dage4","Argick",100
"Super Mario Bros. 2","All Levels All-Stars — SNES","2021-07-08 18:16:00","00:22:25","coolkid","Char_bunny",119
"Vanquish","Any% Casual w/ DLC — PC","2021-07-08 20:59:00","01:25:08","DECosmic","Prolix",103
"Doom Eternal","Ancient Gods 1 No Major Glitches (Nightmare) — PC","2021-07-08 22:43:00","00:33:03","BloodShot9001","Prolix",104
"Daily Recap - Thursday","Recap% —","2021-07-09 03:51:00","00:15:00","Interview Crew","Nichole Goodnight",107
"Bonus Game 4 - Halo 2","any% — Xbox 360","2021-07-09 04:15:00","01:21:00","Monopoli","TempestMask1000",108
"Return to Castle Wolfenstein","Full Game Any% - I am Death incarnate! — PC","2021-07-09 06:36:00","00:48:18","Heros5k","Prolix",110
"Heads Run","Normal 50 — PC","2021-07-09 07:36:00","00:12:56","killingpepsi","briesbe",111
"Ponpu","Story Mode (No Level Swap) — PC","2021-07-09 10:52:07","00:26:27","Bullets","Char_bunny",117
"Wizard of Legend","Any% (Glitchless) — PC","2021-07-09 11:24:00","00:10:02","spacebrojakob","Char_bunny",118
"Sonic the Hedgehog CD","Beat The Game — Sega CD","2021-07-09 11:41:00","00:21:06","JoeyBaby69","Argick",99
"Black Mesa","No Void — PC","2021-07-09 16:53:00","01:54:45","JohannVonVorst","iggyzig",124
"Half-Life: Opposing Force","WON - Scriptless — PC","2021-07-09 19:11:00","00:22:47","Muty","iggyzig",125
"DANCERUSH STARDOM","Dance Showcase — Arcade","2021-07-09 22:11:00","00:58:35","Eijiken","Mr. Game and Shout",128
"The Legend of Zelda: Breath of the Wild","All Dungeons — Switch","2021-07-09 23:26:00","01:41:46","Johnnyboomr","Brutal_Melo",129
"Fire Emblem: Three Houses","House Bid War Race — Switch","2021-07-10 03:35:00","01:13:53","Kirbymastah, Claris","NerdyExcursions",131
"Spongebob's Truth or Square","Any% — Xbox 360","2021-07-10 06:15:00","00:25:28","Jaxler, BubbleBass","NerdyExcursions",134
"Storks and Apes and Crocodiles","100% — SNES","2021-07-10 07:01:54","00:40:25","SuperBen","Doctor No",135
"Mega Man X2","100% — SNES","2021-07-10 08:34:34","00:37:11","Luiz Miguel","AnEternalEnigma",137
"Batman: The Video Game","Normal — Genesis","2021-07-10 09:23:46","00:16:41","tako","AnEternalEnigma",138
"Donkey Kong Country 3: Dixie Kong's Double Trouble!","Any% — SNES","2021-07-10 11:56:00","00:58:29","Anankoz","cartridgeblowers",141
"Super Meat Boy Forever","Random Seed Any% Race — PC","2021-07-10 13:15:00","00:22:32","Ins_sane, Arfinde","cartridgeblowers",142
"Record of Lodoss War: Deedlit in Wonder Labyrinth","any% No OoB — PC","2021-07-05 15:45:00","00:41:52","BOWIEtheHERO","Skybilz",27
"Cave Story 3D","Reverse Boss Adventure — 3DS","2021-07-05 16:59:00","01:16:34","Supreme Dirt","Edobean",28
"Metroid Prime 2: Echoes","Any% — GameCube","2021-07-05 18:38:00","01:09:37","MrMiguel","THEKyleThomas",29
"Shadow of the Colossus","Any% Hard — PS4","2021-07-05 20:08:00","01:41:11","TikTak","THEKyleThomas",30
"Kirby: Nightmare in Dream Land","Meta Knightmare Race — GBA","2021-07-05 22:15:00","00:32:02","Mr_Shasta, Rox","Edobean",31
"Kirby's Dream Collection","All Challenges — Wii U","2021-07-05 23:04:00","00:21:53","Darksol188","Edobean",32
"Super Mario Odyssey","Talkatoo% — Switch","2021-07-05 23:45:00","01:46:03","Dangers","SuperJamoose",33
"Daily Recap - Monday","Recap% —","2021-07-06 01:40:00","00:09:00","Interview Crew","SuperJamoose",34
"Bonus Game 1 - Paper Mario","Stop 'n' Swop — N64","2021-07-06 01:51:00","00:26:12","JCog","SuperJamoose",35
"Bayonetta","New Game Any% Normal No Infinite Flute Glitch — PC","2021-07-06 04:19:00","01:43:17","Galasrinie","musical_daredevil",37
"Penumbra Trilogy","Any% (All 3 Games) — PC","2021-07-06 06:18:00","00:49:38","bloodthunder","Nichole Goodnight",38
"Kororinpa: Marble Mania","All Normal Levels NG+ — Wii","2021-07-07 09:09:41","00:27:37","callumbal","LLK",65
"Coca Cola Kid","Any% Race — Game Gear","2021-07-07 09:45:38","00:11:43","sharif, Grumpmeister","LLK",66
"Mischief Makers","Any% — N64","2021-07-07 10:44:16","00:58:31","JoeyBaby69","LLK",68
"Earthworm Jim","Any% Normal SNES — SNES","2021-07-07 11:59:00","00:26:17","RIFT20XX","LLK",69
"Golden Sun: The Lost Age","Any% No Save & Quit — Wii U VC","2021-07-07 12:51:00","05:57:42","Plexa","Argick, Edobean",70
"GeoGuessr","Perfect Score — PC","2021-07-07 19:19:00","00:31:31","havrd","Xenadir",71
"Ratchet & Clank: Into the Nexus","NG+ — PS3","2021-07-07 20:12:00","00:21:44","mobius","Xenadir",72
"Crash Bandicoot 4: It's About Time","Any% — PC","2021-07-07 20:51:00","01:26:23","Jordy925","Xenadir",73
"Bonus Game 3 - Hitman 3","Trilogy Campaign SA/SO Professional — PC","2021-07-07 22:41:00","01:03:46","Yannini","NerdyExcursions",74
"Ghostrunner","Any% Inbounds — PC","2021-07-08 00:00:00","00:38:33","Blaidan","NerdyExcursions",75
"Mass Effect 2","NG+ w/ DLC — PC","2021-07-08 01:00:00","01:17:53","MikeWave","NerdyExcursions",76
"Untitled Goose Game","100% Co-op — PC","2021-07-08 05:01:00","00:21:47","Tasselfoot, Thundar001","iggyzig",79
"Fight Crab","All Main Stages — PC","2021-07-08 05:57:00","00:25:52","teddyras","marphoria",80
"Contrast","Any% — PC","2021-07-09 08:44:43","00:14:09","NallyQ","briesbe",113
"Astro's Playroom","Any% — PS5","2021-07-09 13:22:00","00:23:22","Xeilius","ateatree",121
"QuackShot: Starring Donald Duck","Any% — Genesis","2021-07-10 09:45:02","00:24:57","tako","AnEternalEnigma",139
"Rayman","Any% PS1 — PS1","2021-07-10 10:27:38","01:21:01","Thextera","cartridgeblowers",140
"Pokémon Emerald","any% Glitchless — GBA","2021-07-10 13:57:00","02:44:10","AmoebaUK","Edobean",143
"Bowser's Fury","Any% (No Amiibo) — Switch","2021-07-10 17:12:10","00:31:59","fir_","YoBGS",144
"Mario Kart 64","150cc All Cups (Skips) — N64","2021-07-10 17:58:09","00:27:11","abney317","YoBGS",145
"Super Metroid","100% Race — SNES","2021-07-10 18:45:20","01:17:14","Oatsngoats, Behemoth87, ShinyZeni","YoBGS",146
"Super Mario 64","70 Star Blindfolded — Wii VC","2021-07-10 20:33:30","01:49:59","Bubzia","Mr. Game and Shout",147
"Dragon Age: Inquisition","Any% — PC","2021-07-04 16:02:00","00:39:02","Lemuura","ateatree",1
"F-Zero GX","Snaking All Tracks — Gamecube","2021-07-04 17:10:00","01:06:43","1davidj","SuperJamoose",3
"Psychonauts","Any% — PC","2021-07-04 18:39:00","00:36:17","yoshipro","ateatree",2
"Mega Man X","100% Race — SNES","2021-07-04 19:42:36","00:36:24","Tiki, darrenville, Luiz Miguel, Clipper","SuperJamoose",4
"Spyro the Dragon (1998)","Any% — PS1","2021-07-04 20:50:00","00:45:03","Dayoman","Xenadir",5
"Kirby Super Star","any% — SNES","2021-07-04 21:44:40","00:37:39","Nippo","YoBGS",6
"James Bond 007: Nightfire","All Tokens — GameCube","2021-07-04 22:46:46","00:57:37","Callmeliam","YoBGS",28999
"K-Shoot Mania","Showcase — PC","2021-07-05 00:09:46","00:41:29","silentblackcat","Asuka424",8
"Metal Wolf Chaos XD","Any% — PC","2021-07-05 01:11:00","00:41:12","BlueMetal","Asuka424",9
"Daily Recap - Sunday","Recap% —","2021-07-05 02:02:00","00:15:00","Interview Crew","Asuka424",10
"The Legend of Zelda: Oracle of Ages","any% — GBC","2021-07-05 02:19:00","01:31:13","GlyphDX","SporadicErratic",11
"Metal Gear Solid: Portable Ops","New Game - Tsuchinoko — PSTV","2021-07-05 04:13:00","01:01:07","Pythonicus","SporadicErratic",12
"Max Payne 2: The Fall of Max Payne","Any% (Dead on Arrival) — PC","2021-07-05 05:33:00","00:31:54","Mattmatt","SporadicErratic",13
"Sundered","Resist% — PC","2021-07-05 06:16:00","01:08:35","JeviLevee","Char_bunny",14
"Pikmin 3 Deluxe","Any% Normal — Switch","2021-07-05 07:33:16","00:40:52","Claris","Char_bunny",15
"Styx: Shards of Darkness","Any% — PC","2021-07-05 08:33:22","00:50:16","Tohelot","Char_bunny",16
"Nintendogs","All Beginner Contest Golds — DS","2021-07-05 09:31:52","00:16:56","ZooKetra","Bobby Blackwolf",17
"Zoda's Revenge: Startropics II","any% — NES","2021-07-05 10:05:28","01:00:54","thetantalus","Bobby Blackwolf",18
"Tiny Toon Adventures","Any% — NES","2021-07-05 11:14:00","00:14:17","junkyard_dave","Bobby Blackwolf",19
"Batman: The Video Game","Any% — NES","2021-07-05 11:42:00","00:11:16","junkyard_dave","Bobby Blackwolf",20
"Ninja Gaiden","pacifist — NES","2021-07-05 12:08:00","00:15:26","Edo_87","Bobby Blackwolf",21
"Amagon","any% — Famicom","2021-07-05 12:39:00","00:19:40","stone_clive","Lego",22
"Gimmick!","Any% (Glitchless) — Famicom","2021-07-05 13:19:00","00:13:17","Ryan Ford","Lego",23
"Ghosts 'N Goblins Resurrection","1 Loop - Squire — Switch","2021-07-05 13:41:00","00:36:06","TheMexicanRunner","Lego",42606
"Super Smash Bros. Brawl","All Star — Wii","2021-07-05 14:34:00","00:08:59","Dragolina","Skybilz",25
"LEGO Star Wars: The Complete Saga (DS)","Any% — DS","2021-07-05 15:05:00","00:28:31","LaserTrap_","Skybilz",26
"Twinkle Star Sprites","LEVEL8 GAME SPEED DREAMCAST — Dreamcast","2021-07-07 10:19:14","00:09:22","r_parenthesis","LLK",79493
"I Am Fish","Any% — PC","2021-07-08 06:33:00","00:25:45","Biglaw","marphoria",81
"Charlie Murder","100% Chaos difficulty — PC","2021-07-09 07:57:19","00:30:56","MortimerNova","briesbe",120006
"Timeline","any% — PC","2021-07-09 16:04:00","00:24:42","havrd","ateatree",122
"Dark Souls 3","Any% glitchless — PC","2021-07-10 22:53:00","00:55:00","MattApocaalypse","Brutal_Melo",148
"Bonus Game 6 - Demon's Souls (Remake / 2020)","Any% Current Patch — PS5","2021-07-11 00:29:00","00:53:57","BertoPlease","Brutal_Melo",149
"Super Mario Bros. 3","100% co-op — NES","2021-07-11 02:01:00","01:20:39","mitchflowerpower, TheHaxor","Skybilz",161871
"Kingdom Hearts II Final Mix","Critical Mode any% — PS4","2021-07-11 04:06:00","03:13:12","ninten","Bobby Blackwolf",151
"Link: The Faces of Evil","All Cutscenes — CD-i","2021-07-08 07:10:23","00:54:46","Grumpmeister","marphoria",82
"Jazzpunk","Special Agent — PC","2021-07-08 08:16:25","00:41:37","KatLink","marphoria",83
"Arabian Nights","any% with dialogue — PC","2021-07-08 09:10:44","00:43:11","Goost","SporadicErratic",84
"Jelly Drift","Any% — PC","2021-07-08 10:04:47","00:05:11","Konasumi","SporadicErratic",85
"Paris Chase","any% — PC","2021-07-08 10:14:42","00:19:35","Martinz","SporadicErratic",86
"Racing Pitch","All Tracks — PC","2021-07-08 10:43:05","00:13:29","Chazoshtare","cartridgeblowers",87
"Need For Speed: Porsche Unleashed","All Tracks (Moby Dick) — GBA","2021-07-08 11:06:00","00:13:05","CosmykTheDolfyn","cartridgeblowers",88
"Evolution Skateboarding","Arcade All Missions - Solid Snake — PS2","2021-07-08 11:27:00","00:21:43","PARTY MAN X","cartridgeblowers",89
"Wheels!","Hard/Fast — PC","2021-07-08 11:55:00","00:03:22","tbcr","cartridgeblowers",90
"ALTF4","Any% — PC","2021-07-08 12:03:00","00:09:15","ChirpingMatt","cartridgeblowers",91
"Time Gate: Knight's Chase","any% — PC","2021-07-08 12:18:00","00:21:59","arnaud33200","cartridgeblowers",92
"X-Men 2: Clone Wars","Any% — Genesis","2021-07-08 14:24:00","00:22:09","A-Frame","frozenflygone",95
"Tempest of the Heavens and Earth","Boss Attack — PC","2021-07-08 14:59:00","00:10:03","Naro","Argick",96
"Sonic Colors (DS)","All Red Rings — DS","2021-07-08 15:34:00","00:54:06","speedbreaker55","Argick",97
"Outer Wilds","100% — PC","2021-07-08 18:49:00","01:00:06","thestrangepie","LattMackey",101
"Destiny 2","Deep Stone Crypt — PC","2021-07-08 20:13:00","00:16:14","Shockwve, MunchaKoopas, Tokeegee, Traderkirk, Scoobyfoo, BystanderTim","Prolix",102
"Doom Eternal","Ancient Gods 2 No Major Glitches (Nightmare) — PC","2021-07-08 23:29:00","00:29:40","BloodShot9001","Prolix",105
"Pokémon Black/White","Any% Black vs. White Race — DS","2021-07-09 00:24:00","03:19:23","PulseEffects, Swiftalu","Nichole Goodnight",106
"Manifold Garden","All God Cubes — PC","2021-07-09 05:47:00","00:28:10","Nerd_Squared","TempestMask1000",109
"Mega Man II","any% — Game Boy","2021-07-09 09:06:36","00:21:23","KLM1187, KaiserKrister","briesbe",114
"Evergate","Any% Unrestricted — PC","2021-07-09 09:44:32","00:32:43","Sunnymuffin","briesbe",115
"I wanna be the Knight in Shining Armor","any% — PC","2021-07-09 10:28:44","00:16:02","Chazoshtare","Char_bunny",116
"Streets of Rage 4","Arcade Cherry Mania — PC","2021-07-09 12:11:00","00:45:46","themightybill","ateatree",120
"Factorio","Any% Set Seed — PC","2021-07-09 14:12:00","01:31:20","Franqly","THEKyleThomas",123
"Celeste Custom Maps","Glyph All A-Sides — PC","2021-07-09 19:57:00","00:38:43","frozenflygone","Mr. Game and Shout",126
"Sonic Heroes (TAS)","Team Sonic — GameCube","2021-07-09 20:57:00","00:36:19","Malleo, Tales98","Mr. Game and Shout",127
"Bonus Game 5 - maimai FiNALE","Exhibition — Arcade","2021-07-10 01:36:00","01:31:27","Starrodkirby86","marphoria",130
"Daily Recap - Friday","Recap% —","2021-07-10 05:05:00","00:15:00","Interview Crew","NerdyExcursions",132
"The * BishiBashi","All Stages — Arcade","2021-07-10 05:35:00","00:21:32","billyjr82","NerdyExcursions",133
"Let's Give Up","6 Exit — SNES","2021-07-10 07:51:56","00:25:05","MrMightyMouse","Doctor No",136
"FAITH","Any% — PC","2021-07-06 07:15:57","00:05:53","Vynn","Nichole Goodnight",39
"Gone Golfing","True Ending — PC","2021-07-06 07:32:52","00:13:06","teddyras","Nichole Goodnight",40
"Teardown","any% — PC","2021-07-06 07:56:19","00:25:45","thewaffleman","Nichole Goodnight",41
"Resogun","Acis-Mefitis (Any%, Experienced) — PS5","2021-07-06 08:36:04","00:25:15","Asuka424","Nichole Goodnight",42
"Vectronom","Any% — PC","2021-07-06 09:09:44","00:20:02","badBlackShark","LLK",43
"Blast Corps","Any%(NTSC-1.0) — N64","2021-07-06 09:45:04","00:26:00","niedle","LLK",44
"Chameleon Twist","Any% — N64","2021-07-06 10:17:57","00:11:27","Kefka14","LLK",45
"Yoshi's Story","Any% (JP, N64) — N64","2021-07-06 10:39:35","00:15:01","LoveBot","LLK",46
"Indiana Jones' Greatest Adventures","Any% Easy — SNES","2021-07-06 11:02:00","00:28:28","janglestorm","LLK",47
"Bloodstained: Ritual of the Night","Miriam Any%, MG — PC","2021-07-06 11:45:00","00:15:18","bane","LLK",48
"Castlevania: Dawn of Sorrow","Soma All Bosses — DS","2021-07-06 12:23:00","00:39:32","Diagon","LattMackey",49
"Castlevania 64","Reinhardt vs. Carrie bidwar — N64","2021-07-06 13:26:00","00:44:06","ty2358","LattMackey",50
"Castlevania: Bloodlines","any% Eric Normal — Genesis","2021-07-06 14:22:00","00:30:20","Mannix86","Skybilz",51
"Castlevania: Rondo of Blood","Any% — Wii VC","2021-07-06 15:02:00","00:21:57","AgentWyvern","Skybilz",52
"Castlevania","Any% Race — NES","2021-07-06 15:50:00","00:12:13","2snek, freeland, shockra_tease","Skybilz",53
"Battletoads","100% — NES","2021-07-06 16:22:00","00:35:43","TheMexicanRunner","Skybilz",54
"La-Mulana Remake","Any% no Pointer Manipulation — PC","2021-07-06 17:29:00","01:22:16","Timopy","THEKyleThomas",55
"Dishonored","Any% (Yes) — PC","2021-07-06 19:11:00","00:34:34","lurven","THEKyleThomas",56
"Horizon Zero Dawn","NG+ Ultra Hard — PS4","2021-07-06 20:23:00","01:57:51","Elkjaer","Mr. Game and Shout",57
"Bonus Game 2 - Grand Theft Auto III","Any% — PC","2021-07-06 22:38:00","01:16:29","KZ_FREW","matishek",58
"Metal Gear Solid 3: Snake Eater HD","European Extreme — PS3","2021-07-07 00:16:29","01:13:23","ApacheSmash","briesbe",59
"Daily Recap - Tuesday","Recap% —","2021-07-07 01:34:22","00:10:00","Interview Crew","briesbe",60
"Resident Evil 7 biohazard","Any% New Game Easy Race — PC","2021-07-07 01:45:22","01:30:34","KatLink, CaptainEzekiel","briesbe",61
"Dead Space","any% — PC","2021-07-07 03:44:00","01:28:38","LivingLooneyBin","AnEternalEnigma",62
"Little Nightmares II","Any% — PC","2021-07-07 05:27:00","01:25:18","Kenhie","AnEternalEnigma",63
"Star Wars: Republic Commando","Any% Easy — PC","2021-07-07 07:05:16","01:44:34","Utsu","Prolix",64
"Daily Recap - Wednesday","Recap% —","2021-07-08 02:26:00","00:12:00","Interview Crew","NerdyExcursions",77
"The Legend of Zelda: Majora's Mask","100% No Source Requirement — N64","2021-07-08 02:43:00","01:51:25","ClaireLynnD","SuperJamoose",78
